model,alpha_ann,t_stat,p_value,stars,r_squared,n_obs,beta_MKTRF,beta_SMB,beta_MGMT,beta_PERF,ml_model,strategy,factor_model,beta_R_MKT,beta_R_ME,beta_R_IA,beta_R_ROE,beta_R_EG
logistic_Regime-Switching_M4_NET,0.018316834509986574,1.2720765446409847,0.20334592402609442,,0.9114659555071204,306,1.0862423162351023,0.5716497559675678,-0.10775017056807323,-0.06753329353628464,logistic,Regime-Switching,M4,,,,,
logistic_Regime-Switching_Q5_NET,0.013853139338804377,0.7960997047671245,0.42597408575866924,,0.9046102289629394,306,,,,,logistic,Regime-Switching,Q5,1.1207246252226406,0.49539591228935576,-0.0929893675463184,-0.06963455471676389,0.07398583135300513
logistic_Buy&Hold Offensive_M4_NET,0.02743020253235337,1.4826068312745082,0.13817890109907457,,0.937372037284444,306,1.0722706513007625,0.6252305194914173,-0.24958948535163714,-0.08181363108756923,logistic,Buy&Hold Offensive,M4,,,,,
logistic_Buy&Hold Offensive_Q5_NET,0.02556636669626878,1.2139370682251278,0.22477175648664816,,0.9308503960538379,306,,,,,logistic,Buy&Hold Offensive,Q5,1.1126920626133634,0.5421533414065263,-0.26294852486330555,-0.13832710719698763,0.0379608818722214
logistic_Buy&Hold Defensive_M4_NET,0.013138250120002649,0.9322239200235919,0.35122081610480116,,0.9161971186918996,306,1.0253289088266369,0.5742890880313041,0.011859534532573329,-0.06393301421095642,logistic,Buy&Hold Defensive,M4,,,,,
logistic_Buy&Hold Defensive_Q5_NET,0.018469897761926625,1.0468883399541444,0.29515108023789227,,0.9056005096562736,306,,,,,logistic,Buy&Hold Defensive,Q5,1.0384797852375938,0.4730127582735907,0.07540926260571308,-0.013610022079612028,-0.01274681046878007
logistic_Static 60/40_M4_NET,0.021690677319292462,1.3189634777292154,0.18718132270278265,,0.9352218189770963,306,1.0533973395267497,0.6049795107419011,-0.14502075059515226,-0.07459675805803785,logistic,Static 60/40,M4,,,,,
logistic_Static 60/40_Q5_NET,0.022700495306041527,1.1751973230382669,0.23991578098267363,,0.9267727251448373,306,,,,,logistic,Static 60/40,Q5,1.082918686489019,0.5145860409709592,-0.12765382119767676,-0.08839084780157361,0.017791636058749696
random_forest_Regime-Switching_M4_NET,0.0260364930224124,1.460758383554048,0.1440817604126814,,0.9352373041770933,306,1.0683360151592214,0.6427699948581079,-0.18694519135007606,-0.06659305210945005,random_forest,Regime-Switching,M4,,,,,
random_forest_Regime-Switching_Q5_NET,0.024659319704126423,1.1805074943370892,0.23779843152951918,,0.9272435775918861,306,,,,,random_forest,Regime-Switching,Q5,1.1023276408262357,0.5507562328732264,-0.20994204890165227,-0.11836519199142093,0.07498047523027661
random_forest_Buy&Hold Offensive_M4_NET,0.02743020253235337,1.4826068312745082,0.13817890109907457,,0.937372037284444,306,1.0722706513007625,0.6252305194914173,-0.24958948535163714,-0.08181363108756923,random_forest,Buy&Hold Offensive,M4,,,,,
random_forest_Buy&Hold Offensive_Q5_NET,0.02556636669626878,1.2139370682251278,0.22477175648664816,,0.9308503960538379,306,,,,,random_forest,Buy&Hold Offensive,Q5,1.1126920626133634,0.5421533414065263,-0.26294852486330555,-0.13832710719698763,0.0379608818722214
random_forest_Buy&Hold Defensive_M4_NET,0.013138250120002649,0.9322239200235919,0.35122081610480116,,0.9161971186918996,306,1.0253289088266369,0.5742890880313041,0.011859534532573329,-0.06393301421095642,random_forest,Buy&Hold Defensive,M4,,,,,
random_forest_Buy&Hold Defensive_Q5_NET,0.018469897761926625,1.0468883399541444,0.29515108023789227,,0.9056005096562736,306,,,,,random_forest,Buy&Hold Defensive,Q5,1.0384797852375938,0.4730127582735907,0.07540926260571308,-0.013610022079612028,-0.01274681046878007
random_forest_Static 60/40_M4_NET,0.021690677319292462,1.3189634777292154,0.18718132270278265,,0.9352218189770963,306,1.0533973395267497,0.6049795107419011,-0.14502075059515226,-0.07459675805803785,random_forest,Static 60/40,M4,,,,,
random_forest_Static 60/40_Q5_NET,0.022700495306041527,1.1751973230382669,0.23991578098267363,,0.9267727251448373,306,,,,,random_forest,Static 60/40,Q5,1.082918686489019,0.5145860409709592,-0.12765382119767676,-0.08839084780157361,0.017791636058749696
xgboost_Regime-Switching_M4_NET,0.02808535726998298,1.4715660140643134,0.14113810878997632,,0.9332845492143491,306,1.0615724159421676,0.6191874154586113,-0.22900907470385004,-0.08833481893854757,xgboost,Regime-Switching,M4,,,,,
xgboost_Regime-Switching_Q5_NET,0.02657753185723733,1.190437764704273,0.23387437738412542,,0.9268851055781614,306,,,,,xgboost,Regime-Switching,Q5,1.1009911937992911,0.5322537606042551,-0.24080890514093262,-0.14872978673195428,0.045167654130416644
xgboost_Buy&Hold Offensive_M4_NET,0.02743020253235337,1.4826068312745082,0.13817890109907457,,0.937372037284444,306,1.0722706513007625,0.6252305194914173,-0.24958948535163714,-0.08181363108756923,xgboost,Buy&Hold Offensive,M4,,,,,
xgboost_Buy&Hold Offensive_Q5_NET,0.02556636669626878,1.2139370682251278,0.22477175648664816,,0.9308503960538379,306,,,,,xgboost,Buy&Hold Offensive,Q5,1.1126920626133634,0.5421533414065263,-0.26294852486330555,-0.13832710719698763,0.0379608818722214
xgboost_Buy&Hold Defensive_M4_NET,0.013138250120002649,0.9322239200235919,0.35122081610480116,,0.9161971186918996,306,1.0253289088266369,0.5742890880313041,0.011859534532573329,-0.06393301421095642,xgboost,Buy&Hold Defensive,M4,,,,,
xgboost_Buy&Hold Defensive_Q5_NET,0.018469897761926625,1.0468883399541444,0.29515108023789227,,0.9056005096562736,306,,,,,xgboost,Buy&Hold Defensive,Q5,1.0384797852375938,0.4730127582735907,0.07540926260571308,-0.013610022079612028,-0.01274681046878007
xgboost_Static 60/40_M4_NET,0.021690677319292462,1.3189634777292154,0.18718132270278265,,0.9352218189770963,306,1.0533973395267497,0.6049795107419011,-0.14502075059515226,-0.07459675805803785,xgboost,Static 60/40,M4,,,,,
xgboost_Static 60/40_Q5_NET,0.022700495306041527,1.1751973230382669,0.23991578098267363,,0.9267727251448373,306,,,,,xgboost,Static 60/40,Q5,1.082918686489019,0.5145860409709592,-0.12765382119767676,-0.08839084780157361,0.017791636058749696
lstm_expanding_Regime-Switching_M4_NET,0.014704554008117612,1.1215649647350747,0.2620474550647832,,0.9321797202367949,306,1.087068620302608,0.6618279953169761,-0.09745303853308046,-0.024500700884740375,lstm_expanding,Regime-Switching,M4,,,,,
lstm_expanding_Regime-Switching_Q5_NET,0.014517717170448644,1.0059884965298176,0.31442110369897613,,0.9298356496568725,306,,,,,lstm_expanding,Regime-Switching,Q5,1.105230554924683,0.5844382153498042,-0.11886457905159467,-0.08011875677068489,0.12357824548788787
lstm_expanding_Buy&Hold Offensive_M4_NET,0.02743020253235337,1.4826068312745082,0.13817890109907457,,0.937372037284444,306,1.0722706513007625,0.6252305194914173,-0.24958948535163714,-0.08181363108756923,lstm_expanding,Buy&Hold Offensive,M4,,,,,
lstm_expanding_Buy&Hold Offensive_Q5_NET,0.02556636669626878,1.2139370682251278,0.22477175648664816,,0.9308503960538379,306,,,,,lstm_expanding,Buy&Hold Offensive,Q5,1.1126920626133634,0.5421533414065263,-0.26294852486330555,-0.13832710719698763,0.0379608818722214
lstm_expanding_Buy&Hold Defensive_M4_NET,0.013138250120002649,0.9322239200235919,0.35122081610480116,,0.9161971186918996,306,1.0253289088266369,0.5742890880313041,0.011859534532573329,-0.06393301421095642,lstm_expanding,Buy&Hold Defensive,M4,,,,,
lstm_expanding_Buy&Hold Defensive_Q5_NET,0.018469897761926625,1.0468883399541444,0.29515108023789227,,0.9056005096562736,306,,,,,lstm_expanding,Buy&Hold Defensive,Q5,1.0384797852375938,0.4730127582735907,0.07540926260571308,-0.013610022079612028,-0.01274681046878007
lstm_expanding_Static 60/40_M4_NET,0.021690677319292462,1.3189634777292154,0.18718132270278265,,0.9352218189770963,306,1.0533973395267497,0.6049795107419011,-0.14502075059515226,-0.07459675805803785,lstm_expanding,Static 60/40,M4,,,,,
lstm_expanding_Static 60/40_Q5_NET,0.022700495306041527,1.1751973230382669,0.23991578098267363,,0.9267727251448373,306,,,,,lstm_expanding,Static 60/40,Q5,1.082918686489019,0.5145860409709592,-0.12765382119767676,-0.08839084780157361,0.017791636058749696
lstm_rolling_10y_Regime-Switching_M4_NET,0.015039350280311014,1.1021843871444306,0.2703815181843531,,0.9308344196982494,306,1.0722362888162322,0.6418264846829603,-0.08542138691250378,-0.01926014277857308,lstm_rolling_10y,Regime-Switching,M4,,,,,
lstm_rolling_10y_Regime-Switching_Q5_NET,0.016133449704270938,1.054480612826008,0.2916629321371833,,0.9287910318900084,306,,,,,lstm_rolling_10y,Regime-Switching,Q5,1.0884973750772053,0.5618273625366429,-0.08783424963461253,-0.10074955876874052,0.12732048032956397
lstm_rolling_10y_Buy&Hold Offensive_M4_NET,0.02743020253235337,1.4826068312745082,0.13817890109907457,,0.937372037284444,306,1.0722706513007625,0.6252305194914173,-0.24958948535163714,-0.08181363108756923,lstm_rolling_10y,Buy&Hold Offensive,M4,,,,,
lstm_rolling_10y_Buy&Hold Offensive_Q5_NET,0.02556636669626878,1.2139370682251278,0.22477175648664816,,0.9308503960538379,306,,,,,lstm_rolling_10y,Buy&Hold Offensive,Q5,1.1126920626133634,0.5421533414065263,-0.26294852486330555,-0.13832710719698763,0.0379608818722214
lstm_rolling_10y_Buy&Hold Defensive_M4_NET,0.013138250120002649,0.9322239200235919,0.35122081610480116,,0.9161971186918996,306,1.0253289088266369,0.5742890880313041,0.011859534532573329,-0.06393301421095642,lstm_rolling_10y,Buy&Hold Defensive,M4,,,,,
lstm_rolling_10y_Buy&Hold Defensive_Q5_NET,0.018469897761926625,1.0468883399541444,0.29515108023789227,,0.9056005096562736,306,,,,,lstm_rolling_10y,Buy&Hold Defensive,Q5,1.0384797852375938,0.4730127582735907,0.07540926260571308,-0.013610022079612028,-0.01274681046878007
lstm_rolling_10y_Static 60/40_M4_NET,0.021690677319292462,1.3189634777292154,0.18718132270278265,,0.9352218189770963,306,1.0533973395267497,0.6049795107419011,-0.14502075059515226,-0.07459675805803785,lstm_rolling_10y,Static 60/40,M4,,,,,
lstm_rolling_10y_Static 60/40_Q5_NET,0.022700495306041527,1.1751973230382669,0.23991578098267363,,0.9267727251448373,306,,,,,lstm_rolling_10y,Static 60/40,Q5,1.082918686489019,0.5145860409709592,-0.12765382119767676,-0.08839084780157361,0.017791636058749696
