mktrf,smb,hml,rmw,cma,rf,umd,dateff
-0.003900,-0.004800,-0.008100,0.006400,-0.011500,0.00270,0.010100,1963-07-31
0.050800,-0.008000,0.017000,0.004000,-0.003800,0.00250,0.010000,1963-08-30
-0.015700,-0.004300,0.000000,-0.007800,0.001500,0.00270,0.001200,1963-09-30
0.025400,-0.013400,-0.000400,0.027900,-0.022500,0.00290,0.031300,1963-10-31
-0.008600,-0.008500,0.017300,-0.004300,0.022700,0.00270,-0.007800,1963-11-29
0.018300,-0.018900,-0.002100,0.001200,-0.002500,0.00290,0.018400,1963-12-31
0.022700,0.001000,0.016300,0.002100,0.014800,0.00300,0.010200,1964-01-31
0.015500,0.003300,0.028100,0.001100,0.008100,0.00260,0.003300,1964-02-28
0.014100,0.014100,0.032900,-0.020300,0.029800,0.00310,0.006900,1964-03-31
0.001100,-0.014800,-0.005400,-0.013200,-0.011300,0.00290,-0.006400,1964-04-30
0.014100,-0.006200,0.018100,-0.001500,0.001300,0.00260,0.025300,1964-05-28
0.012700,0.001300,0.006800,-0.003300,0.001000,0.00300,0.004700,1964-06-30
0.017400,0.005000,0.007900,0.001500,0.018500,0.00300,-0.003800,1964-07-31
-0.014400,0.002900,0.000700,0.001500,0.003100,0.00280,-0.002500,1964-08-31
0.026900,-0.003400,0.017200,-0.005000,0.005600,0.00280,-0.003900,1964-09-30
0.006000,0.009000,0.010800,-0.002000,0.005200,0.00290,0.001900,1964-10-30
-0.000100,-0.002400,-0.020400,0.007100,-0.001600,0.00290,0.011000,1964-11-30
0.000400,-0.006500,-0.024300,0.009500,-0.015500,0.00310,-0.006900,1964-12-31
0.035400,0.025000,0.003600,0.009400,-0.000200,0.00280,-0.013800,1965-01-29
0.004400,0.032400,0.002200,0.002600,-0.006200,0.00300,0.002400,1965-02-26
-0.013400,0.020800,0.011500,-0.002900,0.006500,0.00360,0.001700,1965-03-31
0.031100,0.011400,0.007300,0.002900,-0.022700,0.00310,0.025300,1965-04-30
-0.007800,0.000500,-0.015500,-0.004200,0.005900,0.00310,0.005500,1965-05-28
-0.055100,-0.042000,0.002300,0.002400,0.004300,0.00350,-0.031800,1965-06-30
0.014400,0.011000,0.021900,-0.014100,-0.000800,0.00310,0.040900,1965-07-30
0.027300,0.027700,-0.009800,0.020300,-0.008100,0.00330,0.025800,1965-08-31
0.028600,0.007000,-0.001400,-0.008500,0.007300,0.00310,0.032900,1965-09-30
0.026000,0.034500,0.015500,0.011900,-0.007600,0.00310,0.034500,1965-10-29
-0.000200,0.052200,0.001600,-0.010800,-0.008700,0.00350,0.044000,1965-11-30
0.010100,0.026200,0.021500,-0.013000,-0.005500,0.00330,-0.001000,1965-12-31
0.007200,0.048500,0.032700,-0.026500,-0.002600,0.00380,0.052800,1966-01-31
-0.012100,0.047900,0.003800,-0.001600,-0.014500,0.00350,0.045800,1966-02-28
-0.025100,0.002100,-0.021300,0.012900,-0.000500,0.00380,0.014700,1966-03-31
0.021300,0.033300,-0.003600,0.004200,-0.009200,0.00340,0.058800,1966-04-29
-0.056700,-0.051100,-0.016000,0.016400,-0.014800,0.00410,-0.047100,1966-05-31
-0.014400,0.013200,0.004900,0.000800,0.007900,0.00380,0.032300,1966-06-30
-0.016300,-0.003800,0.009100,-0.003800,0.017400,0.00350,-0.013000,1966-07-29
-0.079400,-0.031500,0.005000,-0.006400,0.007700,0.00410,-0.022100,1966-08-31
-0.010600,-0.010200,0.004800,-0.011900,0.023500,0.00400,-0.018600,1966-09-30
0.038600,-0.064800,0.027400,-0.039100,0.042300,0.00450,-0.052000,1966-10-31
0.013800,0.033400,-0.046300,0.046600,-0.065100,0.00400,0.057300,1966-11-30
0.001300,0.018800,-0.009500,0.001700,-0.001600,0.00400,0.009900,1966-12-30
0.081500,0.089800,0.023600,0.012900,-0.030600,0.00430,-0.070000,1967-01-31
0.007700,0.030100,-0.022600,0.016600,-0.009300,0.00360,0.035100,1967-02-28
0.040000,0.017700,0.004700,0.008200,-0.015000,0.00390,0.013900,1967-03-31
0.038900,0.004300,-0.022900,0.030900,-0.037200,0.00320,0.005200,1967-04-28
-0.043200,0.024500,0.008000,-0.011900,0.016200,0.00330,0.006600,1967-05-31
0.024200,0.064200,0.008000,-0.008400,-0.024900,0.00270,0.060100,1967-06-30
0.045800,0.035800,0.027500,0.004500,0.026600,0.00320,-0.011000,1967-07-31
-0.009000,0.007700,0.014300,0.003000,0.013500,0.00310,-0.013200,1967-08-31
0.031100,0.024300,-0.024700,0.002200,-0.009300,0.00320,0.023900,1967-09-29
-0.030800,0.005700,-0.032900,0.009700,-0.027400,0.00390,0.036800,1967-10-31
0.003700,-0.000600,-0.017100,0.013100,-0.022800,0.00360,0.012200,1967-11-30
0.030500,0.055900,-0.005400,-0.007400,-0.000300,0.00330,0.032000,1967-12-29
-0.040300,0.046800,0.048500,-0.048900,0.064600,0.00400,-0.044600,1968-01-31
-0.037400,-0.029200,0.012300,-0.000800,0.024600,0.00390,-0.033400,1968-02-29
0.002100,-0.015500,-0.006300,0.010700,-0.011500,0.00380,0.031900,1968-03-29
0.090100,0.061700,-0.011000,0.027900,-0.037300,0.00430,0.051100,1968-04-30
0.022800,0.069700,0.008200,0.004900,-0.019200,0.00450,0.037500,1968-05-31
0.007000,-0.003300,0.006600,-0.015600,0.028000,0.00430,-0.020900,1968-06-28
-0.026900,-0.013900,0.053100,-0.031800,0.037900,0.00480,-0.008900,1968-07-30
0.013500,0.023300,0.009900,-0.006600,0.004700,0.00420,0.019000,1968-08-30
0.040500,0.028100,0.003000,-0.019400,0.008700,0.00430,-0.006400,1968-09-30
0.004400,-0.004300,0.028200,-0.013600,0.028400,0.00440,-0.014600,1968-10-31
0.054200,0.023900,-0.009600,0.004400,-0.025100,0.00420,0.017400,1968-11-29
-0.039300,0.035500,0.000400,-0.019100,0.019300,0.00430,0.003200,1968-12-31
-0.012500,-0.004200,0.016600,-0.015200,0.012900,0.00530,-0.001500,1969-01-31
-0.058600,-0.041600,0.008900,0.019900,0.007500,0.00460,-0.025500,1969-02-28
0.026700,-0.005100,-0.004200,-0.013400,-0.004400,0.00460,0.040600,1969-03-28
0.014700,-0.007800,0.000200,0.002800,-0.001600,0.00530,0.012400,1969-04-30
-0.001000,-0.001800,0.006200,-0.008700,0.010500,0.00480,0.018100,1969-05-29
-0.071800,-0.054700,-0.011000,0.042700,-0.016300,0.00510,-0.023100,1969-06-30
-0.070000,-0.033900,0.011800,0.015100,0.018400,0.00530,0.018200,1969-07-31
0.046900,0.005800,-0.037500,0.010600,-0.039800,0.00500,0.021400,1969-08-29
-0.029700,0.012900,-0.032200,0.033600,-0.006200,0.00620,0.024300,1969-09-30
0.050500,0.039100,-0.031200,0.000800,-0.020800,0.00600,-0.043600,1969-10-31
-0.038000,-0.024200,-0.012500,0.014000,0.002100,0.00520,0.036700,1969-11-28
-0.026300,-0.037200,-0.028800,0.025500,-0.019200,0.00640,0.052700,1969-12-31
-0.081100,0.030800,0.031700,-0.017500,0.039600,0.00600,0.005600,1970-01-30
0.051400,-0.025700,0.036900,-0.024100,0.028700,0.00620,0.002700,1970-02-27
-0.010600,-0.024200,0.040800,-0.010600,0.044200,0.00570,-0.003600,1970-03-31
-0.109900,-0.063400,0.061400,-0.006300,0.059000,0.00500,-0.008300,1970-04-30
-0.069100,-0.044600,0.033200,-0.012900,0.037900,0.00530,-0.026600,1970-05-29
-0.058000,-0.021000,0.004400,0.001400,0.027100,0.00580,0.056400,1970-06-30
0.069200,-0.006600,0.009300,-0.003000,0.017200,0.00520,-0.031200,1970-07-31
0.045000,0.014400,0.014100,0.005700,-0.001400,0.00530,-0.066800,1970-08-31
0.041800,0.085000,-0.054100,0.002500,-0.059800,0.00540,-0.086400,1970-09-30
-0.022800,-0.043600,0.002100,0.018100,0.022500,0.00460,0.094500,1970-10-30
0.046200,-0.038800,0.015800,0.015300,0.013900,0.00460,0.025900,1970-11-30
0.057400,0.028900,0.010400,0.002800,0.003000,0.00420,-0.023000,1970-12-31
0.048300,0.074400,0.015500,-0.020200,-0.000600,0.00380,-0.068600,1971-01-29
0.014100,0.020100,-0.012400,0.006400,-0.008000,0.00330,0.008200,1971-02-26
0.041200,0.022200,-0.039500,0.017800,-0.026500,0.00300,-0.014000,1971-03-31
0.031500,-0.003600,0.008600,-0.014600,0.008500,0.00280,0.013600,1971-04-30
-0.040000,-0.011200,-0.013300,0.014900,0.002000,0.00290,0.009300,1971-05-28
-0.000900,-0.015100,-0.019700,0.015800,-0.016700,0.00370,0.026900,1971-06-30
-0.044900,-0.014300,-0.000200,0.005800,0.013900,0.00400,-0.023200,1971-07-30
0.037900,-0.002300,0.026400,-0.004300,0.025900,0.00470,0.034400,1971-08-31
-0.008600,0.002600,-0.029000,0.025400,-0.015800,0.00370,0.021000,1971-09-30
-0.044200,-0.015900,-0.005100,0.015600,-0.013900,0.00370,0.005000,1971-10-29
-0.004600,-0.028600,-0.016700,0.024100,-0.004400,0.00370,0.015100,1971-11-30
0.087100,0.032400,-0.003800,-0.004300,-0.016800,0.00370,-0.006200,1971-12-31
0.024700,0.060900,0.021200,-0.016900,0.005400,0.00290,0.000700,1972-01-31
0.028700,0.008700,-0.028300,0.016900,-0.005000,0.00250,0.025300,1972-02-29
0.006200,-0.004700,-0.016100,0.015800,-0.002000,0.00270,0.029400,1972-03-30
0.002900,0.002700,0.000300,-0.004100,-0.010600,0.00290,0.027900,1972-04-28
0.012900,-0.031200,-0.027200,0.024000,-0.019700,0.00300,0.033300,1972-05-31
-0.024600,-0.004300,-0.024600,0.017800,-0.003500,0.00290,0.019000,1972-06-30
-0.008000,-0.027900,0.006000,0.012000,-0.007100,0.00310,0.026800,1972-07-31
0.032700,-0.034600,0.045600,-0.020400,0.029000,0.00290,-0.053600,1972-08-31
-0.011400,-0.022400,0.004900,0.016500,-0.019700,0.00340,0.018300,1972-09-29
0.005200,-0.025500,0.012200,-0.001100,0.000300,0.00400,0.007000,1972-10-31
0.045900,-0.005900,0.048800,-0.019800,0.033400,0.00370,-0.050800,1972-11-30
0.006200,-0.018900,-0.021800,0.025800,-0.021400,0.00370,0.049500,1972-12-29
-0.032800,-0.028200,0.027000,0.004000,0.009000,0.00440,0.038000,1973-01-31
-0.048500,-0.039400,0.016400,-0.002900,0.000500,0.00420,0.022200,1973-02-28
-0.013000,-0.022900,0.025700,-0.009600,0.005000,0.00460,0.035500,1973-03-30
-0.056800,-0.029200,0.053900,-0.015500,0.025200,0.00520,0.063500,1973-04-30
-0.029700,-0.061200,0.003800,0.019700,-0.017000,0.00510,0.071900,1973-05-31
-0.015700,-0.024800,0.011400,-0.002000,0.000900,0.00510,0.043300,1973-06-29
0.050400,0.071900,-0.052600,-0.000900,-0.032300,0.00640,-0.116700,1973-07-31
-0.038200,-0.017800,0.010300,-0.013200,0.012400,0.00700,0.035900,1973-08-31
0.047400,0.035800,0.022200,-0.022200,0.017300,0.00680,-0.069800,1973-09-28
-0.008300,-0.002700,0.016600,-0.019900,0.027300,0.00650,0.067800,1973-10-31
-0.127900,-0.072700,0.040900,-0.027700,0.016600,0.00560,0.089300,1973-11-30
0.005900,-0.047200,0.040100,-0.028900,0.024400,0.00640,0.101600,1973-12-31
-0.001600,0.103900,0.059500,-0.029200,0.044900,0.00630,-0.089200,1974-01-31
-0.004600,0.001200,0.024700,-0.018500,0.026700,0.00580,0.003700,1974-02-28
-0.028200,0.026200,-0.001400,0.029000,0.004400,0.00560,-0.010000,1974-03-29
-0.052800,-0.006600,0.009200,0.027100,0.021400,0.00750,0.020600,1974-04-30
-0.047000,-0.030600,-0.020800,0.050100,-0.003300,0.00750,-0.002900,1974-05-31
-0.028400,-0.000500,0.008300,0.005000,0.029800,0.00600,0.023200,1974-06-28
-0.080600,0.018400,0.051600,-0.032000,0.045000,0.00700,0.030000,1974-07-31
-0.093900,0.002800,0.026100,-0.002900,0.025900,0.00600,0.030300,1974-08-30
-0.117800,0.014700,0.054300,-0.043300,0.058200,0.00810,0.042400,1974-09-30
0.161000,-0.067800,-0.099100,-0.002900,-0.029100,0.00510,-0.005300,1974-10-31
-0.045300,-0.014100,-0.002500,-0.034200,0.029000,0.00540,0.022000,1974-11-29
-0.034500,-0.042700,0.001200,-0.007600,0.033800,0.00700,0.029800,1974-12-31
0.136700,0.128800,0.082600,-0.005400,-0.010500,0.00580,-0.138000,1975-01-31
0.055600,-0.006900,-0.044700,0.011700,-0.021100,0.00430,-0.005800,1975-02-28
0.026600,0.039700,0.024200,0.012500,-0.013400,0.00410,-0.020700,1975-03-31
0.042200,-0.006900,-0.011300,0.013900,-0.013700,0.00440,0.015100,1975-04-30
0.052000,0.029800,-0.040500,-0.011300,-0.005600,0.00440,-0.005800,1975-05-30
0.048700,0.013300,0.013500,-0.027000,0.010700,0.00410,-0.000400,1975-06-30
-0.066000,0.034000,0.017600,0.004500,0.012400,0.00480,0.003400,1975-07-31
-0.028400,-0.027700,-0.009100,0.010900,-0.009900,0.00480,-0.001600,1975-08-29
-0.042600,-0.000200,0.003300,0.005800,0.005700,0.00530,0.004000,1975-09-30
0.053200,-0.042500,0.003500,-0.005200,0.022800,0.00560,-0.002200,1975-10-31
0.026500,-0.011000,0.020300,-0.006600,0.017400,0.00410,-0.005000,1975-11-28
-0.016000,-0.001600,0.017000,-0.001100,0.007700,0.00480,-0.001000,1975-12-31
0.121600,0.063900,0.086300,-0.017500,0.023300,0.00470,0.043700,1976-01-30
0.003200,0.079100,0.057100,-0.025500,0.037000,0.00340,0.003800,1976-02-27
0.023200,-0.013800,-0.001100,-0.003800,0.009900,0.00400,0.002200,1976-03-31
-0.014800,0.001000,-0.001600,0.004500,-0.010500,0.00420,0.005300,1976-04-30
-0.013500,-0.010900,-0.012900,0.024300,-0.013900,0.00370,-0.010700,1976-05-28
0.040500,-0.010700,0.007300,-0.006700,0.010200,0.00430,-0.004400,1976-06-30
-0.010600,0.006100,0.017400,-0.010300,0.003000,0.00470,-0.001500,1976-07-30
-0.005700,-0.020200,0.007900,-0.004000,-0.005700,0.00420,-0.007800,1976-08-31
0.020400,0.002000,-0.003100,0.009800,-0.011400,0.00440,0.002000,1976-09-30
-0.024200,0.000500,-0.001700,-0.001900,-0.003700,0.00410,-0.004300,1976-10-29
0.003700,0.027000,0.015300,-0.013100,0.000700,0.00400,0.028200,1976-11-30
0.056500,0.036000,0.022300,-0.007200,0.024100,0.00400,0.007300,1976-12-31
-0.040400,0.059100,0.043200,-0.005400,0.019300,0.00360,0.040500,1977-01-31
-0.019400,0.010500,0.004500,-0.002100,-0.001900,0.00350,0.003400,1977-02-28
-0.013500,0.012900,0.010900,-0.003200,-0.001100,0.00380,0.006800,1977-03-31
0.001500,0.006000,0.033800,-0.019800,0.010400,0.00380,0.041900,1977-04-29
-0.014700,0.013700,0.008100,0.004300,0.002200,0.00370,0.020100,1977-05-31
0.047200,0.021000,-0.006200,0.009100,-0.012700,0.00400,0.016000,1977-06-30
-0.016900,0.018100,-0.006000,0.007500,0.001200,0.00420,0.003800,1977-07-29
-0.017600,0.009300,-0.027700,0.010400,-0.006700,0.00440,-0.016300,1977-08-31
-0.002700,0.016200,-0.002600,0.009200,-0.006500,0.00430,0.021000,1977-09-30
-0.043900,0.014100,0.016200,-0.000900,-0.004600,0.00490,-0.001200,1977-10-31
0.040200,0.036000,0.002300,-0.000600,0.006800,0.00500,0.021400,1977-11-30
0.002700,0.016100,-0.002900,0.009300,-0.006600,0.00490,0.015900,1977-12-30
-0.059900,0.027600,0.033800,-0.018000,0.015600,0.00490,-0.005800,1978-01-31
-0.013900,0.037000,0.008100,0.003000,0.010500,0.00460,0.019600,1978-02-28
0.028500,0.036500,0.011500,-0.005700,0.020000,0.00530,0.014500,1978-03-31
0.078700,-0.003200,-0.035400,0.028700,-0.012700,0.00540,0.004900,1978-04-28
0.017600,0.045400,-0.005500,0.002000,0.002900,0.00510,0.027700,1978-05-31
-0.016900,0.016400,0.006000,-0.014100,-0.001200,0.00540,0.027800,1978-06-30
0.051200,0.001700,-0.010000,0.014700,-0.007300,0.00560,0.041900,1978-07-31
0.037900,0.049300,-0.006600,0.015700,0.005000,0.00560,0.030000,1978-08-31
-0.014500,-0.003800,0.018800,-0.006900,0.015700,0.00620,-0.032000,1978-09-29
-0.119100,-0.100400,0.012600,0.001700,0.011400,0.00680,-0.084200,1978-10-31
0.027200,0.029000,-0.020800,0.010900,-0.011900,0.00700,0.054500,1978-11-30
0.008800,0.010100,-0.021400,0.020100,-0.014700,0.00780,0.030100,1978-12-29
0.042200,0.037400,0.021900,-0.024000,0.015800,0.00770,-0.014300,1979-01-31
-0.035600,0.005300,0.011700,-0.011100,0.009600,0.00730,-0.009900,1979-02-28
0.056700,0.031700,-0.006800,0.005400,0.002900,0.00810,0.029100,1979-03-30
-0.000700,0.024000,0.011200,0.011400,0.002400,0.00800,0.008700,1979-04-30
-0.022100,0.001800,0.013200,-0.015600,-0.003100,0.00820,-0.005500,1979-05-31
0.038400,0.009400,0.014200,-0.015800,-0.005600,0.00810,0.007700,1979-06-29
0.008300,0.012700,0.017900,-0.004400,0.005200,0.00770,-0.010700,1979-07-31
0.055400,0.018500,-0.015800,0.015000,-0.014600,0.00770,-0.002900,1979-08-31
-0.008300,-0.002800,-0.009400,0.008400,0.005000,0.00830,0.052800,1979-09-28
-0.081000,-0.034900,-0.018300,0.009600,0.001400,0.00870,0.020400,1979-10-31
0.052300,0.025100,-0.032100,-0.000300,-0.018300,0.00990,0.080300,1979-11-30
0.017800,0.042700,-0.021300,-0.006700,-0.010100,0.00950,0.047200,1979-12-31
0.055000,0.018800,0.018500,-0.018400,0.018900,0.00800,0.074500,1980-01-31
-0.012300,-0.016200,0.005900,-0.009500,0.029200,0.00890,0.078900,1980-02-29
-0.128900,-0.069700,-0.009600,0.018200,-0.010500,0.01210,-0.095800,1980-03-31
0.039600,0.010500,0.010300,-0.021800,0.003400,0.01260,-0.004800,1980-04-30
0.052600,0.020000,0.003800,0.004300,-0.006300,0.00810,-0.011800,1980-05-30
0.029700,0.014600,-0.008000,-0.002000,-0.008100,0.00610,0.015800,1980-06-30
0.065100,0.037400,-0.062900,0.040600,-0.024400,0.00530,0.002900,1980-07-31
0.017500,0.042300,-0.024600,0.020500,-0.007300,0.00640,0.030600,1980-08-29
0.021900,0.006300,-0.046100,0.019000,-0.028600,0.00750,0.054300,1980-09-30
0.010400,0.022100,-0.029300,0.017700,-0.014300,0.00950,0.071300,1980-10-31
0.096000,-0.032700,-0.081100,0.042600,-0.055200,0.00960,0.151500,1980-11-28
-0.044600,-0.002800,0.028000,-0.012700,0.012700,0.01310,-0.067100,1980-12-31
-0.050600,0.033000,0.067400,-0.033800,0.042700,0.01040,-0.078200,1981-01-30
0.006100,-0.006500,0.009700,0.002600,0.020600,0.01070,-0.013500,1981-02-27
0.036600,0.028500,0.006100,-0.022700,-0.005600,0.01210,0.008200,1981-03-31
-0.021600,0.047200,0.022800,0.008100,0.015400,0.01080,-0.010800,1981-04-30
0.001300,0.023600,-0.004300,0.004700,-0.017800,0.01150,0.035600,1981-05-29
-0.023400,-0.009300,0.051400,-0.012900,0.026900,0.01350,-0.056700,1981-06-30
-0.015500,-0.019500,-0.006100,0.010800,-0.026600,0.01240,-0.024400,1981-07-31
-0.070200,-0.018200,0.047100,-0.003100,0.013800,0.01280,-0.011000,1981-08-31
-0.072000,-0.024600,0.051100,0.000800,0.025300,0.01240,0.021300,1981-09-30
0.049200,0.022800,-0.040900,0.031200,-0.027900,0.01210,0.038300,1981-10-30
0.034000,-0.015800,0.019100,0.001400,0.010000,0.01070,-0.002100,1981-11-30
-0.036300,0.011800,0.007900,0.002100,0.024500,0.00870,0.012800,1981-12-31
-0.032300,-0.011000,0.031900,-0.014300,0.019500,0.00800,0.017700,1982-01-29
-0.058600,0.004000,0.060900,-0.035500,0.045700,0.00920,0.048700,1982-02-26
-0.018200,0.000200,0.037600,-0.012800,0.023700,0.00980,0.029000,1982-03-31
0.032400,0.012100,-0.030800,0.015000,-0.000500,0.01130,-0.004600,1982-04-30
-0.039300,0.004100,0.017800,0.009600,-0.001200,0.01060,0.025100,1982-05-28
-0.030800,-0.005100,0.015600,0.000900,0.025300,0.00960,0.048900,1982-06-30
-0.032000,0.010100,0.000700,0.010000,0.014400,0.01050,0.044000,1982-07-30
0.111500,-0.044600,0.010900,-0.018500,0.001700,0.00760,-0.036000,1982-08-31
0.013200,0.025500,0.002300,0.021600,-0.000200,0.00510,0.041400,1982-09-30
0.112400,0.019600,-0.036200,0.002000,-0.003000,0.00590,0.000100,1982-10-29
0.046800,0.043900,-0.018000,-0.010200,0.002900,0.00630,0.059200,1982-11-30
0.005600,-0.001400,-0.000600,0.000000,0.010000,0.00670,-0.000200,1982-12-31
0.035900,0.034100,-0.007200,-0.015200,-0.005600,0.00690,-0.016300,1983-01-31
0.025900,0.028800,0.006600,-0.003600,0.010100,0.00620,0.036900,1983-02-28
0.028100,0.013700,0.020600,-0.001900,0.028000,0.00630,0.008800,1983-03-31
0.066500,0.004300,0.004300,-0.000700,0.015100,0.00710,0.016300,1983-04-29
0.005100,0.062600,-0.014000,-0.018100,-0.014300,0.00690,-0.015500,1983-05-31
0.030700,0.011600,-0.038900,0.025500,-0.007800,0.00670,0.018300,1983-06-30
-0.040600,0.010500,0.055400,-0.000700,0.028800,0.00740,-0.030800,1983-07-29
-0.005000,-0.043200,0.055900,0.005200,0.018500,0.00760,-0.053800,1983-08-31
0.009100,0.003000,0.009900,0.012100,0.005000,0.00760,-0.000100,1983-09-30
-0.034300,-0.037500,0.049600,-0.008200,0.030000,0.00760,-0.044600,1983-10-31
0.021600,0.018700,-0.007300,-0.006800,0.006400,0.00700,-0.001400,1983-11-30
-0.017700,-0.004200,0.017500,0.015500,0.013300,0.00730,0.008100,1983-12-30
-0.019200,0.000000,0.074800,-0.008800,0.028800,0.00760,-0.025700,1984-01-31
-0.047600,-0.015800,0.034100,0.010400,0.015100,0.00710,0.004500,1984-02-29
0.006500,-0.002500,0.005300,-0.009700,0.011500,0.00730,0.010900,1984-03-30
-0.005100,-0.009400,0.011900,0.033000,0.007700,0.00810,0.021400,1984-04-30
-0.059800,0.001400,0.002600,0.024100,-0.005100,0.00780,0.015400,1984-05-31
0.018100,0.001600,-0.027500,0.030800,-0.015700,0.00750,-0.005300,1984-06-29
-0.027200,-0.022100,0.003900,0.035200,-0.021600,0.00820,0.027700,1984-07-31
0.102700,-0.002800,-0.017400,-0.007300,-0.009100,0.00830,-0.056200,1984-08-31
-0.008000,-0.000400,0.052500,0.013700,0.023900,0.00860,0.036600,1984-09-28
-0.008400,-0.013400,0.005900,0.011400,-0.010400,0.01000,0.032800,1984-10-31
-0.017700,-0.010600,0.038700,0.008000,0.019500,0.00730,0.015600,1984-11-30
0.018400,-0.006000,-0.000300,0.010800,-0.014100,0.00640,0.014600,1984-12-31
0.079700,0.034500,-0.052000,-0.009900,-0.034600,0.00650,-0.068200,1985-01-31
0.012200,0.009100,-0.003600,0.015200,0.011600,0.00580,0.019000,1985-02-28
-0.008400,-0.013800,0.040100,0.012300,0.028600,0.00620,0.017800,1985-03-29
-0.009600,-0.001400,0.036000,0.016200,0.007100,0.00720,0.029500,1985-04-30
0.050700,-0.023600,-0.009800,0.012700,-0.014300,0.00660,0.040500,1985-05-31
0.012700,0.002100,0.003800,0.016900,-0.010200,0.00550,0.033700,1985-06-28
-0.007200,0.028500,-0.016200,-0.003600,-0.003700,0.00620,-0.036900,1985-07-31
-0.010100,-0.003000,0.023400,-0.001600,0.019300,0.00550,0.017700,1985-08-30
-0.045000,-0.018400,0.012100,0.011100,0.015800,0.00600,0.016000,1985-09-30
0.040000,-0.014700,0.007700,0.008800,-0.010600,0.00650,0.048700,1985-10-31
0.064600,-0.000500,-0.029100,0.003200,-0.023500,0.00610,-0.005500,1985-11-29
0.038800,-0.004100,-0.014600,0.009600,-0.017700,0.00650,-0.002300,1985-12-31
0.006500,0.009500,0.004600,-0.019900,-0.019900,0.00560,0.029500,1986-01-31
0.071400,-0.007200,-0.006300,0.011600,-0.012300,0.00530,0.025600,1986-02-28
0.049100,-0.006300,-0.003900,0.010000,0.008100,0.00600,0.023800,1986-03-31
-0.012800,0.028100,-0.028100,0.029000,-0.001000,0.00520,-0.003500,1986-04-30
0.046300,-0.012900,-0.001400,0.020700,0.011000,0.00490,0.020600,1986-05-30
0.010600,-0.008700,0.012000,0.018500,0.008300,0.00520,0.049400,1986-06-30
-0.064300,-0.035300,0.046600,-0.005500,0.008100,0.00520,0.018900,1986-07-31
0.060700,-0.043400,0.035400,-0.017100,0.033200,0.00460,-0.051700,1986-08-29
-0.085900,0.021000,0.032300,-0.001700,0.037100,0.00450,-0.056800,1986-09-30
0.046400,-0.023700,-0.014200,-0.000100,0.010100,0.00460,0.044800,1986-10-31
0.011600,-0.018600,-0.000200,0.009800,0.007000,0.00390,-0.002700,1986-11-28
-0.032600,0.001900,0.003600,0.008700,0.000900,0.00490,0.004500,1986-12-31
0.124400,-0.016100,-0.031800,0.001700,-0.010300,0.00420,0.020300,1987-01-30
0.043700,0.033600,-0.058600,-0.007900,-0.025500,0.00430,-0.022200,1987-02-27
0.016300,0.003200,0.016600,0.013000,0.041700,0.00470,0.016600,1987-03-31
-0.020900,-0.015800,-0.003600,-0.005200,0.011600,0.00440,0.002000,1987-04-30
0.001100,-0.005800,0.002200,0.004900,0.011300,0.00380,-0.007700,1987-05-29
0.039100,-0.021100,0.011300,0.015600,0.010700,0.00480,-0.002200,1987-06-30
0.038400,-0.010700,0.009400,-0.006500,0.015800,0.00460,0.025700,1987-07-31
0.035200,-0.010100,-0.009800,0.021100,-0.015500,0.00470,-0.009500,1987-08-31
-0.025800,0.004500,0.002600,-0.008800,0.018200,0.00450,0.008000,1987-09-30
-0.231900,-0.079100,0.041800,0.022900,0.022400,0.00600,-0.077500,1987-10-30
-0.077600,0.027800,0.031400,-0.019300,0.006000,0.00350,-0.012100,1987-11-30
0.068200,-0.000100,-0.044200,0.031300,-0.024600,0.00390,0.058800,1987-12-31
0.042100,-0.005600,0.049300,-0.011900,0.021000,0.00290,-0.073500,1988-01-29
0.047700,0.033000,-0.015300,0.015100,0.000600,0.00460,-0.014500,1988-02-29
-0.022600,0.061100,0.008600,-0.002300,0.017800,0.00440,0.006100,1988-03-31
0.005600,0.010900,0.015100,-0.000900,0.019000,0.00460,0.022000,1988-04-29
-0.002700,-0.025200,0.024400,-0.007700,0.003000,0.00510,0.006600,1988-05-31
0.047800,0.020700,-0.013500,0.015200,-0.035200,0.00490,-0.030200,1988-06-30
-0.012500,-0.001800,0.021800,-0.004900,0.015300,0.00510,0.006600,1988-07-29
-0.033100,-0.000200,0.021400,-0.008500,0.016500,0.00590,0.003600,1988-08-31
0.033100,-0.013800,-0.007500,0.017600,-0.005500,0.00620,0.002900,1988-09-30
0.011600,-0.029700,0.020300,0.013900,0.009900,0.00610,0.013000,1988-10-31
-0.022700,-0.015800,0.014700,-0.003600,0.016400,0.00570,0.001800,1988-11-30
0.014800,0.019400,-0.018300,0.006900,-0.003800,0.00630,0.003100,1988-12-30
0.060600,-0.022600,0.006100,-0.009700,0.001100,0.00550,-0.002500,1989-01-31
-0.022300,0.027000,0.009900,-0.008400,0.018800,0.00610,0.009900,1989-02-28
0.015700,0.006800,0.004700,-0.000100,0.006500,0.00670,0.035100,1989-03-31
0.043500,-0.007500,-0.014800,0.007300,-0.004800,0.00670,0.017100,1989-04-28
0.032800,-0.000600,-0.009000,0.004500,-0.002600,0.00790,0.014200,1989-05-31
-0.013300,-0.010400,0.022100,0.001300,0.015200,0.00710,0.004000,1989-06-30
0.071800,-0.041100,-0.028000,0.020500,-0.005600,0.00700,0.053200,1989-07-31
0.014300,0.004800,0.006200,0.003600,-0.006100,0.00740,-0.004900,1989-08-31
-0.007600,0.004700,-0.012700,0.013900,0.005800,0.00650,0.035100,1989-09-29
-0.036500,-0.033000,-0.011600,0.000800,-0.001100,0.00680,0.013500,1989-10-31
0.010400,-0.012600,-0.011300,-0.007400,0.013800,0.00690,0.027000,1989-11-30
0.011800,-0.022800,0.001500,-0.000700,0.013100,0.00610,0.027900,1989-12-29
-0.078000,-0.012100,0.008300,-0.011200,0.014000,0.00570,-0.029800,1990-01-31
0.011100,0.011500,0.006500,-0.000400,-0.006100,0.00570,-0.005100,1990-02-28
0.018300,0.015900,-0.029000,0.019900,-0.009400,0.00640,0.017200,1990-03-30
-0.033600,-0.003500,-0.025700,0.017800,-0.010000,0.00690,0.022800,1990-04-30
0.084400,-0.024100,-0.038900,0.016800,-0.016300,0.00680,0.031400,1990-05-31
-0.010900,0.013100,-0.020000,-0.009900,-0.003900,0.00630,0.024900,1990-06-29
-0.019000,-0.031500,-0.000600,-0.001000,0.032100,0.00680,0.060400,1990-07-31
-0.101300,-0.037900,0.015600,-0.004800,0.029900,0.00660,0.019700,1990-08-31
-0.061100,-0.037200,0.005900,0.000300,0.036200,0.00600,0.057100,1990-09-28
-0.019100,-0.050600,0.000800,0.031700,-0.002500,0.00680,0.067400,1990-10-31
0.063500,0.000200,-0.029700,0.005800,-0.047100,0.00570,-0.053600,1990-11-30
0.024800,0.006000,-0.015700,0.026600,-0.019800,0.00600,0.002500,1990-12-31
0.046900,0.038700,-0.014800,0.013400,-0.040700,0.00520,-0.064700,1991-01-31
0.072100,0.040200,-0.006200,-0.000600,-0.003400,0.00480,-0.049400,1991-02-28
0.026700,0.038100,-0.013000,-0.005200,-0.009900,0.00440,0.027100,1991-03-28
-0.002900,0.003500,0.014900,0.006700,0.008100,0.00530,-0.023200,1991-04-30
0.036600,0.001400,-0.005200,0.020700,-0.023600,0.00470,-0.000900,1991-05-31
-0.049400,0.003000,0.010800,0.017500,0.006800,0.00420,0.004200,1991-06-28
0.042400,-0.010000,-0.013000,0.016000,-0.014400,0.00490,0.042600,1991-07-31
0.023200,0.014200,-0.007900,0.008500,-0.003200,0.00460,0.015800,1991-08-30
-0.015900,0.015800,-0.012300,-0.017700,-0.000400,0.00460,0.017500,1991-09-30
0.012900,0.008500,-0.004300,-0.016500,-0.003000,0.00420,0.031800,1991-10-31
-0.042000,-0.008800,-0.017700,0.011000,-0.001200,0.00390,0.011800,1991-11-29
0.108600,-0.024100,-0.042300,0.036700,-0.031400,0.00380,0.082900,1991-12-31
-0.005900,0.091900,0.046700,-0.011700,0.032500,0.00340,-0.025000,1992-01-31
0.010900,0.013000,0.065100,0.000700,0.022500,0.00280,-0.007000,1992-02-28
-0.026600,-0.008900,0.034900,-0.000600,0.018200,0.00340,-0.002100,1992-03-31
0.010900,-0.057500,0.043600,0.016500,0.024000,0.00320,-0.025500,1992-04-30
0.003000,0.002000,0.011100,-0.009100,0.004900,0.00280,0.000600,1992-05-29
-0.023300,-0.027600,0.032400,-0.000600,0.009500,0.00320,-0.005700,1992-06-30
0.037800,-0.006500,-0.005100,0.012400,-0.009700,0.00310,0.014700,1992-07-31
-0.023800,-0.003900,-0.010900,0.036600,-0.016400,0.00260,-0.004700,1992-08-31
0.011900,0.004700,-0.001900,0.016100,-0.006800,0.00260,0.014400,1992-09-30
0.010200,0.020900,-0.019800,0.011900,-0.009100,0.00230,0.025000,1992-10-30
0.041400,0.038800,-0.015200,-0.005400,-0.015800,0.00230,-0.002500,1992-11-30
0.015300,0.016500,0.026400,-0.005200,0.008300,0.00280,0.043300,1992-12-31
0.009300,0.019400,0.059000,-0.019000,0.029400,0.00230,0.048500,1993-01-29
0.001200,-0.033700,0.064800,-0.004700,0.041500,0.00220,0.031800,1993-02-26
0.023200,0.000900,0.012600,-0.002200,0.008200,0.00250,0.037000,1993-03-31
-0.030500,-0.008100,0.025500,-0.036900,0.013800,0.00240,0.003600,1993-04-30
0.028900,0.019400,-0.034600,-0.001400,-0.010300,0.00220,0.002100,1993-05-28
0.003000,0.001200,0.026400,-0.009100,0.011600,0.00250,0.045700,1993-06-30
-0.003400,0.009600,0.028700,-0.018400,0.020500,0.00240,0.032200,1993-07-30
0.037200,0.000800,0.001800,-0.015200,0.000400,0.00250,0.025400,1993-08-31
-0.001200,0.030200,-0.002400,0.002500,-0.001900,0.00260,0.033900,1993-09-30
0.014100,0.018600,-0.027800,0.006100,0.005600,0.00220,-0.026700,1993-10-29
-0.018600,-0.013100,-0.007800,0.021900,-0.010300,0.00250,-0.047700,1993-11-30
0.016500,0.013500,0.002500,0.011400,-0.003500,0.00230,0.023300,1993-12-31
0.028700,-0.000500,0.011000,-0.015400,0.013900,0.00250,0.001100,1994-01-31
-0.025500,0.026200,-0.015200,0.020800,-0.009400,0.00210,-0.003400,1994-02-28
-0.047900,-0.010300,0.016700,0.006500,0.013900,0.00270,-0.013200,1994-03-31
0.006800,-0.010000,0.016600,0.010500,0.011400,0.00270,0.003300,1994-04-29
0.005800,-0.024900,0.006000,0.006400,0.006000,0.00320,-0.020500,1994-05-31
-0.030400,-0.005200,0.017700,0.010500,0.015000,0.00310,-0.009000,1994-06-30
0.028200,-0.018700,0.006100,-0.006600,0.001000,0.00280,0.001100,1994-07-29
0.040200,0.014400,-0.025500,0.009800,-0.015200,0.00370,0.015400,1994-08-31
-0.022800,0.027100,-0.018100,0.005600,0.010600,0.00370,0.013200,1994-09-30
0.013500,-0.022200,-0.016600,0.001800,-0.007300,0.00380,0.013100,1994-10-31
-0.040300,0.000900,-0.007300,0.004800,-0.005300,0.00370,-0.001200,1994-11-30
0.008600,-0.000500,-0.000900,0.004000,0.003600,0.00440,0.034500,1994-12-30
0.018000,-0.030700,0.025900,0.001500,-0.006500,0.00420,-0.018400,1995-01-31
0.036300,-0.004900,0.009900,0.006100,-0.004000,0.00400,-0.004700,1995-02-28
0.021900,-0.005300,-0.021300,-0.001300,0.002300,0.00460,0.004500,1995-03-31
0.021100,-0.002600,0.016700,0.004300,0.008200,0.00440,0.018000,1995-04-28
0.029000,-0.021700,0.022800,0.004100,0.000100,0.00540,-0.005500,1995-05-31
0.027200,0.030500,-0.025400,-0.002300,-0.023900,0.00470,0.030100,1995-06-30
0.037100,0.021200,-0.015800,0.002200,-0.015800,0.00450,0.026000,1995-07-31
0.005500,0.017000,0.026800,-0.011700,0.014900,0.00470,0.000500,1995-08-31
0.033600,-0.018600,-0.001100,0.009900,0.004000,0.00430,0.028600,1995-09-29
-0.015100,-0.040700,-0.004900,0.019300,-0.001000,0.00470,0.041700,1995-10-31
0.039600,-0.010600,0.005200,-0.005700,0.010000,0.00420,-0.007200,1995-11-30
0.010400,0.006500,0.002400,-0.014400,0.030200,0.00490,0.024800,1995-12-29
0.022600,-0.026400,0.004600,0.002600,0.023000,0.00430,0.005700,1996-01-31
0.013300,0.017700,-0.010500,0.001600,-0.018900,0.00390,0.005700,1996-02-29
0.007400,0.015600,0.004200,0.014400,-0.009500,0.00390,-0.018500,1996-03-29
0.020500,0.047000,-0.039700,-0.002000,-0.020300,0.00460,-0.009400,1996-04-30
0.023600,0.032300,-0.009000,0.000300,-0.003300,0.00420,0.016200,1996-05-31
-0.011300,-0.036700,0.023300,0.035000,0.012000,0.00400,0.010200,1996-06-28
-0.059600,-0.037800,0.051900,0.029000,0.026800,0.00450,-0.001500,1996-07-31
0.027700,0.025800,-0.008200,-0.003800,-0.024700,0.00410,-0.000200,1996-08-30
0.050100,-0.014100,-0.027400,0.013000,-0.021300,0.00440,0.026700,1996-09-30
0.008700,-0.037900,0.048800,0.013800,0.029700,0.00420,0.037200,1996-10-31
0.062500,-0.038200,0.014000,0.020600,-0.006900,0.00410,-0.023500,1996-11-29
-0.017000,0.031900,0.012800,0.002300,0.014900,0.00460,0.005300,1996-12-31
0.049700,-0.018200,-0.014400,0.012200,-0.000700,0.00450,0.018700,1997-01-31
-0.004800,-0.025400,0.056100,0.007200,0.034700,0.00390,-0.021800,1997-02-28
-0.050200,-0.004100,0.033900,0.003900,0.015300,0.00430,0.008800,1997-03-31
0.040400,-0.057000,0.000000,0.033600,-0.010200,0.00430,0.048300,1997-04-30
0.067300,0.046800,-0.041100,-0.010400,-0.027600,0.00490,-0.051900,1997-05-30
0.041000,0.011700,0.014400,0.005600,0.004500,0.00370,0.025900,1997-06-30
0.073100,-0.027400,0.001300,0.001800,-0.025600,0.00430,0.037000,1997-07-31
-0.040900,0.075000,0.011300,-0.010200,-0.001700,0.00410,-0.025700,1997-08-29
0.053400,0.024800,0.002400,-0.015800,-0.009300,0.00440,0.014600,1997-09-30
-0.038100,-0.005600,0.023300,0.007500,0.020100,0.00420,-0.005300,1997-10-31
0.029900,-0.050100,0.012200,0.030800,0.017300,0.00390,0.003800,1997-11-28
0.013600,-0.020900,0.037400,0.006400,0.019500,0.00480,0.039100,1997-12-31
0.001400,-0.012800,-0.016800,0.009100,-0.006200,0.00430,0.000500,1998-01-30
0.070400,0.000500,-0.009300,-0.003700,-0.025800,0.00390,-0.011900,1998-02-27
0.047600,-0.007300,0.013800,-0.005500,-0.002300,0.00390,0.021300,1998-03-31
0.007400,0.000100,0.010300,-0.016800,-0.003600,0.00430,0.007600,1998-04-30
-0.030500,-0.030000,0.034100,0.010300,0.024700,0.00400,0.019100,1998-05-29
0.032100,-0.036100,-0.020300,-0.002600,-0.030300,0.00410,0.072600,1998-06-30
-0.024200,-0.052000,-0.018300,0.016400,0.007600,0.00400,0.037900,1998-07-31
-0.160500,-0.049700,0.035700,0.033500,0.057800,0.00430,0.019000,1998-08-31
0.061900,-0.008900,-0.035100,-0.018400,-0.028400,0.00460,-0.006500,1998-09-30
0.069800,-0.033600,-0.023300,0.008800,0.001800,0.00320,-0.053300,1998-10-30
0.060700,0.007600,-0.032400,-0.009200,-0.009200,0.00310,0.011300,1998-11-30
0.061500,-0.015000,-0.042500,-0.006900,-0.032600,0.00380,0.088700,1998-12-31
0.034700,-0.008200,-0.044600,-0.028000,-0.064100,0.00350,0.028400,1999-01-29
-0.040800,-0.051500,0.019500,-0.012300,0.040800,0.00350,-0.001400,1999-02-26
0.034800,-0.043700,-0.026100,-0.040500,-0.010700,0.00430,-0.012100,1999-03-31
0.043400,0.045200,0.024000,-0.024700,0.008400,0.00370,-0.089800,1999-04-30
-0.024600,0.037500,0.024900,0.009500,0.031800,0.00340,-0.052500,1999-05-28
0.047700,0.023400,-0.032200,0.009300,-0.029100,0.00400,0.046600,1999-06-30
-0.034900,0.025400,-0.001800,0.002900,0.032700,0.00380,0.017000,1999-07-30
-0.013700,-0.016700,-0.019300,-0.002400,0.007200,0.00390,0.029800,1999-08-31
-0.027700,0.024800,-0.029000,-0.009600,-0.009900,0.00390,0.063800,1999-09-30
0.060900,-0.071300,-0.028800,-0.017500,-0.008700,0.00390,0.054500,1999-10-29
0.034100,0.056900,-0.056500,-0.041800,-0.018400,0.00360,0.054900,1999-11-30
0.076600,0.051000,-0.076600,-0.080000,-0.058700,0.00440,0.131400,1999-12-31
-0.047400,0.042100,-0.011200,-0.061500,0.045600,0.00410,0.018600,2000-01-31
0.024500,0.184600,-0.097700,-0.189500,-0.011300,0.00430,0.180200,2000-02-29
0.052100,-0.155400,0.085000,0.116500,-0.012000,0.00470,-0.068500,2000-03-31
-0.063500,-0.047500,0.064500,0.080700,0.056300,0.00460,-0.086000,2000-04-28
-0.043900,-0.038600,0.045900,0.040500,0.014700,0.00500,-0.089900,2000-05-31
0.046800,0.099500,-0.080400,-0.083100,-0.031700,0.00400,0.166300,2000-06-30
-0.024800,-0.009400,0.080600,0.057200,0.029800,0.00480,-0.001600,2000-07-31
0.070300,-0.009500,-0.013700,-0.030600,0.012100,0.00500,0.055900,2000-08-31
-0.054400,0.002700,0.072400,0.027000,0.055400,0.00510,0.018900,2000-09-29
-0.027800,-0.025800,0.055800,0.095400,0.037100,0.00560,-0.045600,2000-10-31
-0.107000,-0.003500,0.122400,0.130500,0.083500,0.00510,-0.021700,2000-11-30
0.011800,0.032600,0.075500,0.019200,0.048200,0.00500,0.065900,2000-12-29
0.032500,0.052300,-0.050500,-0.052000,-0.052100,0.00540,-0.253500,2001-01-31
-0.100300,0.028700,0.122300,0.091200,0.090100,0.00380,0.126000,2001-02-28
-0.072500,0.023300,0.064700,0.033400,0.037200,0.00420,0.086500,2001-03-30
0.079400,-0.008800,-0.046400,-0.031800,-0.031900,0.00390,-0.080100,2001-04-30
0.006800,0.035500,0.033800,0.002900,0.019500,0.00320,0.021500,2001-05-31
-0.019400,0.066900,-0.012600,0.015700,-0.016700,0.00280,0.006200,2001-06-29
-0.021300,-0.028600,0.049500,0.072900,0.029000,0.00300,0.054800,2001-07-31
-0.064000,0.025400,0.028600,0.038100,0.065300,0.00310,0.054600,2001-08-31
-0.092400,-0.057400,0.015200,0.050300,0.033500,0.00280,0.113800,2001-09-28
0.024800,0.053400,-0.073100,-0.029800,-0.043600,0.00220,-0.083200,2001-10-31
0.075300,-0.003600,0.021700,-0.034900,-0.016800,0.00170,-0.086100,2001-11-30
0.016100,0.051100,0.008300,0.002600,-0.002800,0.00150,0.000200,2001-12-31
-0.014400,0.012800,0.034200,0.047300,0.028300,0.00140,0.036500,2002-01-31
-0.022800,-0.003800,0.023400,0.080300,0.051000,0.00130,0.068300,2002-02-28
0.042400,0.041500,0.010800,-0.018300,0.006600,0.00130,-0.016900,2002-03-28
-0.052100,0.066300,0.040100,0.045900,0.053500,0.00150,0.077000,2002-04-30
-0.013600,-0.030700,0.015200,0.023100,0.025300,0.00140,0.030900,2002-05-31
-0.072300,0.037600,0.003700,0.039200,0.026600,0.00130,0.062400,2002-06-28
-0.081900,-0.063300,-0.035100,0.038400,-0.011000,0.00150,0.036300,2002-07-31
0.005000,-0.012800,0.030100,0.013700,-0.014000,0.00140,0.018700,2002-08-30
-0.103400,0.030500,0.012600,0.032900,-0.022900,0.00140,0.091800,2002-09-30
0.078400,-0.042900,-0.037600,-0.031600,0.007300,0.00140,-0.055800,2002-10-31
0.059600,0.029400,-0.011600,-0.092500,0.051600,0.00120,-0.164300,2002-11-29
-0.057600,0.005500,0.021100,0.063200,-0.017900,0.00110,0.097200,2002-12-31
-0.025700,0.007100,-0.007900,-0.009300,0.006900,0.00100,0.015900,2003-01-31
-0.018800,-0.008700,-0.013600,0.007900,-0.006800,0.00090,0.012100,2003-02-28
0.010900,0.007700,-0.021100,0.016800,-0.008100,0.00100,0.014000,2003-03-31
0.081800,0.011400,0.012200,-0.046800,0.009800,0.00100,-0.093500,2003-04-30
0.060500,0.047800,0.007000,-0.069400,0.030700,0.00090,-0.107500,2003-05-30
0.014200,0.016500,0.001400,0.004400,-0.004000,0.00100,-0.012300,2003-06-30
0.023300,0.044000,-0.015300,-0.038900,0.015200,0.00070,-0.003000,2003-07-31
0.023300,0.023700,0.016400,-0.022900,0.021500,0.00070,-0.005300,2003-08-29
-0.012400,0.005700,0.001400,0.009000,0.004100,0.00080,-0.000700,2003-09-30
0.060800,0.026300,0.022100,-0.013800,0.016500,0.00070,0.040100,2003-10-31
0.013500,0.023100,0.017200,0.002100,0.016800,0.00070,0.013600,2003-11-28
0.042900,-0.025100,0.015100,0.005700,0.008500,0.00080,-0.055400,2003-12-31
0.021500,0.024600,0.024200,-0.036000,0.033300,0.00070,0.025700,2004-01-30
0.014000,-0.009200,0.009500,0.021300,-0.011700,0.00060,-0.011700,2004-02-27
-0.013200,0.021100,0.002300,0.016500,-0.009800,0.00090,0.001900,2004-03-31
-0.018200,-0.020600,-0.032300,0.034600,-0.028300,0.00080,-0.053400,2004-04-30
0.011800,-0.004000,-0.001800,-0.011700,0.000100,0.00060,0.014900,2004-05-28
0.018600,0.025200,0.012100,0.011200,-0.003100,0.00080,0.020800,2004-06-30
-0.040400,-0.029200,0.032200,0.052100,-0.016800,0.00100,-0.022400,2004-07-30
0.000800,-0.011800,0.010800,0.012100,-0.013500,0.00110,-0.015500,2004-08-31
0.016000,0.032200,-0.000500,-0.014900,-0.017200,0.00110,0.054800,2004-09-30
0.014200,0.001500,-0.002600,-0.005300,0.004100,0.00110,-0.014300,2004-10-29
0.045300,0.041200,0.015700,-0.005200,-0.001800,0.00150,0.030800,2004-11-30
0.034100,-0.000400,-0.002300,-0.010700,0.003900,0.00160,-0.028500,2004-12-31
-0.027500,-0.011100,0.020600,0.028000,-0.014100,0.00160,0.029600,2005-01-31
0.018800,-0.003000,0.014100,0.013200,-0.002100,0.00160,0.034300,2005-02-28
-0.019300,-0.014100,0.020700,0.004400,0.013400,0.00210,0.004300,2005-03-31
-0.026000,-0.039700,0.000500,0.009700,-0.008500,0.00210,-0.006800,2005-04-29
0.036500,0.027600,-0.005800,-0.010200,0.002800,0.00240,0.003700,2005-05-31
0.005800,0.032600,0.028000,0.008700,-0.005200,0.00230,0.020700,2005-06-30
0.039200,0.027600,-0.007800,-0.011900,-0.007800,0.00240,0.000300,2005-07-29
-0.012000,-0.009400,0.013400,-0.019600,0.003800,0.00300,0.020700,2005-08-31
0.004800,-0.003100,0.007800,0.002600,-0.006100,0.00290,0.034600,2005-09-30
-0.020400,-0.015000,0.004300,-0.007000,-0.012600,0.00270,-0.011900,2005-10-31
0.036100,0.009000,-0.011800,-0.007900,-0.010900,0.00310,0.003400,2005-11-30
-0.002400,-0.002500,0.001500,0.001800,0.002000,0.00320,0.007800,2005-12-30
0.030300,0.058300,0.009900,-0.006600,-0.003500,0.00350,0.025200,2006-01-31
-0.003000,-0.004600,-0.003100,-0.005400,0.019800,0.00340,-0.017800,2006-02-28
0.014700,0.033400,0.006100,0.000300,-0.004400,0.00370,0.012600,2006-03-31
0.007300,-0.007900,0.022600,0.017400,-0.001300,0.00360,0.006000,2006-04-28
-0.035600,-0.029000,0.023800,0.008700,0.015300,0.00430,-0.036600,2006-05-31
-0.003400,-0.002400,0.008500,0.013200,-0.001300,0.00400,0.015500,2006-06-30
-0.007700,-0.036000,0.026200,0.016300,0.008400,0.00400,-0.020400,2006-07-31
0.020300,0.004500,-0.019500,-0.018100,0.021400,0.00420,-0.033600,2006-08-31
0.018400,-0.013900,0.000600,0.007800,0.004600,0.00410,-0.009800,2006-09-29
0.032200,0.019800,-0.003300,-0.001100,0.003200,0.00410,-0.002500,2006-10-31
0.017000,0.006300,0.000400,0.002000,-0.008000,0.00420,-0.010400,2006-11-30
0.008500,-0.008100,0.027400,-0.006500,0.018800,0.00400,0.007900,2006-12-29
0.013800,0.000200,-0.006800,0.001900,0.004000,0.00440,0.001700,2007-01-31
-0.019600,0.013300,-0.000800,-0.005200,-0.006600,0.00380,-0.012900,2007-02-28
0.007100,0.001400,-0.008800,0.005500,-0.006700,0.00430,0.025800,2007-03-30
0.034900,-0.020800,-0.014400,0.011800,0.010100,0.00440,-0.001600,2007-04-30
0.032400,0.003300,-0.005900,0.014700,-0.012600,0.00410,-0.003300,2007-05-31
-0.019600,0.007000,-0.010500,0.004900,0.000600,0.00400,0.005200,2007-06-29
-0.037200,-0.030500,-0.036800,0.002600,-0.011600,0.00400,0.028400,2007-07-31
0.009400,-0.003300,-0.018700,-0.012700,-0.005700,0.00420,-0.000300,2007-08-31
0.032200,-0.024400,-0.021700,-0.004900,-0.029400,0.00320,0.044300,2007-09-28
0.017900,-0.000300,-0.028700,-0.003300,0.000600,0.00320,0.050300,2007-10-31
-0.048000,-0.029100,-0.010900,0.017500,-0.003600,0.00340,0.011200,2007-11-30
-0.008700,0.001800,-0.005100,0.009000,-0.010700,0.00270,0.065600,2007-12-31
-0.063200,-0.006300,0.040000,0.021200,0.020600,0.00210,-0.077400,2008-01-31
-0.030900,-0.006400,-0.007200,0.010700,-0.009700,0.00130,0.061300,2008-02-29
-0.009400,0.005900,0.003100,0.008900,0.004700,0.00170,0.042500,2008-03-31
0.046100,-0.011600,-0.009600,0.018100,-0.025600,0.00180,-0.003300,2008-04-30
0.018700,0.030400,-0.015000,0.009200,0.001400,0.00180,0.033900,2008-05-30
-0.084300,0.011600,-0.025100,0.049800,-0.006900,0.00170,0.127100,2008-06-30
-0.007500,0.037100,0.052000,-0.013600,0.009900,0.00150,-0.050200,2008-07-31
0.015300,0.032800,0.015200,0.018300,0.006600,0.00130,-0.044800,2008-08-29
-0.093500,0.003800,0.056600,0.024000,0.017000,0.00150,0.008600,2008-09-30
-0.172000,-0.030600,-0.018900,0.027300,0.013800,0.00080,0.078700,2008-10-31
-0.077400,-0.040000,-0.062100,0.046700,0.023900,0.00030,0.072800,2008-11-28
0.017700,0.033300,0.000500,0.000300,-0.015200,0.00000,-0.050900,2008-12-31
-0.080900,-0.020900,-0.110200,0.000000,-0.011600,0.00000,-0.023600,2009-01-30
-0.101400,-0.011700,-0.066000,0.010100,-0.006200,0.00010,0.043600,2009-02-27
0.090100,0.005900,0.034800,-0.025800,-0.020000,0.00020,-0.118300,2009-03-31
0.101700,0.071400,0.053800,0.013400,0.005000,0.00010,-0.343400,2009-04-30
0.052000,-0.022400,0.004100,-0.008100,-0.019900,0.00000,-0.125300,2009-05-29
0.004200,0.022700,-0.027600,-0.014100,-0.003700,0.00010,0.054500,2009-06-30
0.077400,0.023100,0.048900,-0.002600,0.030800,0.00010,-0.055400,2009-07-31
0.033300,-0.001000,0.076000,-0.028500,0.033000,0.00010,-0.091000,2009-08-31
0.040800,0.027200,0.011500,0.011500,0.003400,0.00010,-0.048700,2009-09-30
-0.025500,-0.048500,-0.041700,0.042200,-0.014800,0.00000,0.024900,2009-10-30
0.055800,-0.027600,-0.003300,0.009000,0.000000,0.00000,0.003900,2009-11-30
0.027400,0.061400,-0.001100,0.007100,-0.000900,0.00010,0.030000,2009-12-31
-0.033500,0.004000,0.003300,-0.010800,0.005100,0.00000,-0.053300,2010-01-29
0.033900,0.014900,0.031800,-0.002900,0.014200,0.00000,0.036900,2010-02-26
0.063000,0.018300,0.021900,-0.006100,0.017400,0.00010,0.035700,2010-03-31
0.020000,0.049600,0.029600,0.006100,0.017500,0.00010,0.031600,2010-04-30
-0.079000,0.000800,-0.024800,0.013000,-0.002400,0.00010,-0.002000,2010-05-28
-0.055700,-0.024200,-0.047300,-0.001000,-0.015800,0.00010,-0.027000,2010-06-30
0.069200,0.000400,-0.005000,0.001700,0.020200,0.00010,0.017800,2010-07-30
-0.047700,-0.030600,-0.017300,0.006000,-0.016000,0.00010,0.000400,2010-08-31
0.095500,0.036500,-0.030200,-0.001900,0.003800,0.00010,0.013800,2010-09-30
0.038700,0.007300,-0.024600,0.012800,-0.003800,0.00010,0.014600,2010-10-29
0.005900,0.035400,-0.009000,0.003200,0.017900,0.00010,0.027300,2010-11-30
0.068200,0.009700,0.035600,-0.034200,0.031700,0.00010,-0.030000,2010-12-31
0.019800,-0.023100,0.006100,-0.006400,0.008100,0.00010,-0.003000,2011-01-31
0.034800,0.016500,0.011800,-0.018300,0.008400,0.00010,0.018800,2011-02-28
0.004600,0.025600,-0.018400,0.017300,-0.000700,0.00010,0.034500,2011-03-31
0.029000,-0.005300,-0.024400,0.011200,-0.008600,0.00000,0.000500,2011-04-29
-0.012700,-0.007200,-0.018500,0.019200,-0.014300,0.00000,-0.006000,2011-05-31
-0.017400,0.000600,-0.002000,0.022700,-0.014200,0.00000,0.018200,2011-06-30
-0.023500,-0.011100,-0.009100,0.026800,-0.017300,0.00000,0.002000,2011-07-29
-0.059600,-0.030900,-0.024300,0.034100,-0.002600,0.00010,-0.002700,2011-08-31
-0.075700,-0.034900,-0.015300,0.019900,0.001500,0.00000,-0.024000,2011-09-30
0.113400,0.032500,0.000600,-0.022500,-0.007300,0.00000,-0.014000,2011-10-31
-0.002700,-0.003000,-0.005200,0.019400,0.014400,0.00000,0.038800,2011-11-30
0.007500,-0.002900,0.015400,0.010600,0.024700,0.00000,0.018300,2011-12-30
0.050500,0.020200,-0.009300,-0.020600,-0.014800,0.00000,-0.080100,2012-01-31
0.044000,-0.016700,0.004200,-0.003600,-0.000800,0.00000,-0.002600,2012-02-29
0.031100,-0.004800,0.011900,-0.006100,0.007000,0.00000,0.013100,2012-03-30
-0.008400,-0.005000,-0.007700,0.013000,0.006600,0.00000,0.037200,2012-04-30
-0.061700,-0.000800,-0.009500,0.020300,0.023600,0.00010,0.064400,2012-05-31
0.039000,0.008900,0.005500,-0.010600,0.004500,0.00000,-0.011000,2012-06-29
0.007900,-0.028100,-0.000600,0.010400,0.000100,0.00000,0.030000,2012-07-31
0.025400,0.004400,0.012300,-0.015000,-0.008600,0.00010,-0.023500,2012-08-31
0.027300,0.005700,0.016200,-0.013000,0.015600,0.00010,-0.011300,2012-09-28
-0.017600,-0.008300,0.035200,-0.014000,0.025200,0.00010,0.000500,2012-10-31
0.007800,0.004000,-0.008600,0.003800,0.008100,0.00010,0.005300,2012-11-30
0.011800,0.019200,0.034800,-0.017200,0.008000,0.00010,-0.029300,2012-12-31
0.055700,0.004200,0.010100,-0.020100,0.015200,0.00000,-0.018200,2013-01-31
0.012900,-0.002500,0.002100,-0.005900,0.006100,0.00000,0.012300,2013-02-28
0.040300,0.008800,-0.002200,0.002700,0.014100,0.00000,0.019200,2013-03-28
0.015600,-0.022400,0.004400,0.003900,0.004300,0.00000,0.002200,2013-04-30
0.028100,0.020400,0.026700,-0.020000,-0.009500,0.00000,-0.020100,2013-05-31
-0.012000,0.015400,-0.000500,-0.002800,-0.000600,0.00000,0.004300,2013-06-28
0.056500,0.017500,0.005800,-0.013500,0.005700,0.00000,0.017400,2013-07-31
-0.027100,-0.000300,-0.027300,0.007100,-0.021700,0.00000,0.000400,2013-08-30
0.037700,0.026500,-0.011800,-0.005400,-0.013200,0.00000,0.030200,2013-09-30
0.041700,-0.015000,0.012200,0.027500,0.008900,0.00000,0.000200,2013-10-31
0.031200,0.014400,0.001900,0.002600,0.000600,0.00000,0.003900,2013-11-29
0.028000,-0.004400,0.000000,-0.005800,0.000800,0.00000,0.000200,2013-12-31
-0.033000,0.006000,-0.019900,-0.039100,-0.015400,0.00000,0.016100,2014-01-31
0.046800,0.001300,-0.003500,-0.002500,-0.005400,0.00000,0.021300,2014-02-28
0.004100,-0.011300,0.049000,0.020200,0.019200,0.00000,-0.032700,2014-03-31
-0.001900,-0.040700,0.012200,0.034000,0.009300,0.00000,-0.038200,2014-04-30
0.020400,-0.018600,-0.001000,-0.000900,-0.009600,0.00000,0.008900,2014-05-30
0.026100,0.030600,-0.007100,-0.018300,-0.019100,0.00000,0.006500,2014-06-30
-0.020300,-0.042000,-0.000800,0.009300,0.005100,0.00000,-0.001700,2014-07-31
0.042400,0.002900,-0.005700,-0.006400,-0.006900,0.00000,0.008300,2014-08-29
-0.019600,-0.036600,-0.014700,0.012000,-0.005900,0.00000,0.006000,2014-09-30
0.025100,0.036600,-0.016300,-0.003900,0.002100,0.00000,-0.002100,2014-10-31
0.025600,-0.023000,-0.031300,0.015700,0.001400,0.00000,0.006900,2014-11-28
-0.000500,0.028300,0.021200,-0.012100,0.009000,0.00000,0.010300,2014-12-31
-0.030900,-0.009300,-0.034500,0.015800,-0.016400,0.00000,0.037400,2015-01-30
0.061400,0.003600,-0.017900,-0.011000,-0.017500,0.00000,-0.031000,2015-02-27
-0.010900,0.030800,-0.003800,0.000700,-0.006200,0.00000,0.027000,2015-03-31
0.006000,-0.030100,0.018000,0.000500,-0.006200,0.00000,-0.072700,2015-04-30
0.013800,0.008200,-0.011100,-0.017600,-0.008300,0.00000,0.056800,2015-05-29
-0.015400,0.029000,-0.008200,0.003500,-0.015400,0.00000,0.030100,2015-06-30
0.015700,-0.045800,-0.041600,0.003100,-0.024400,0.00000,0.099700,2015-07-31
-0.060200,0.002900,0.027500,0.006600,0.012900,0.00000,-0.021600,2015-08-31
-0.030600,-0.028000,0.005500,0.018000,-0.005900,0.00000,0.052400,2015-09-30
0.077500,-0.020600,-0.004700,0.009500,0.006100,0.00000,-0.031900,2015-10-30
0.005700,0.033000,-0.004300,-0.026500,-0.010600,0.00000,0.022900,2015-11-30
-0.021500,-0.029500,-0.025700,0.003400,0.001200,0.00010,0.033400,2015-12-31
-0.057400,-0.034400,0.020800,0.027800,0.030500,0.00010,0.016000,2016-01-29
-0.000700,0.008700,-0.006100,0.033100,0.019400,0.00020,-0.043500,2016-02-29
0.069500,0.010000,0.012200,0.006800,0.000100,0.00020,-0.050400,2016-03-31
0.009100,0.012300,0.032200,-0.028500,0.017700,0.00010,-0.059800,2016-04-29
0.017800,-0.006200,-0.016200,-0.011000,-0.025400,0.00010,0.014700,2016-05-31
-0.000300,0.004200,-0.014900,0.014500,0.019000,0.00020,0.042000,2016-06-30
0.039400,0.024700,-0.012400,0.013100,-0.011600,0.00020,-0.033100,2016-07-29
0.004900,0.016600,0.031700,-0.018500,-0.003600,0.00020,-0.034100,2016-08-31
0.002700,0.018100,-0.011900,-0.021800,0.000300,0.00020,0.002600,2016-09-30
-0.020100,-0.040200,0.041100,0.009900,0.002500,0.00020,0.005100,2016-10-31
0.048500,0.069600,0.082900,-0.002400,0.037100,0.00010,-0.047700,2016-11-30
0.018100,0.004400,0.034700,0.012400,-0.003200,0.00030,-0.002700,2016-12-30
0.019400,-0.014400,-0.027600,-0.005100,-0.010600,0.00040,-0.009300,2017-01-31
0.035500,-0.023000,-0.015000,0.004500,-0.018000,0.00040,-0.015100,2017-02-28
0.001700,0.007500,-0.033300,0.006300,-0.009500,0.00030,-0.009700,2017-03-31
0.010800,0.004100,-0.020500,0.017900,-0.016000,0.00050,0.004800,2017-04-28
0.010700,-0.029900,-0.038200,0.009900,-0.016600,0.00060,0.015000,2017-05-31
0.007800,0.025200,0.015000,-0.022600,0.000400,0.00060,-0.001000,2017-06-30
0.018800,-0.016400,-0.002300,-0.007500,-0.001500,0.00070,0.016300,2017-07-31
0.001800,-0.018300,-0.021300,0.002000,-0.023800,0.00090,0.033100,2017-08-31
0.024900,0.047600,0.031500,-0.015400,0.016300,0.00090,-0.013500,2017-09-29
0.022500,-0.019100,0.001300,0.009200,-0.031400,0.00090,0.042100,2017-10-31
0.031200,-0.003800,-0.000900,0.031900,-0.001000,0.00080,-0.009400,2017-11-30
0.010600,-0.010500,0.000500,0.007300,0.017900,0.00090,-0.015500,2017-12-29
0.055800,-0.032100,-0.013200,-0.007500,-0.010500,0.00110,0.040800,2018-01-31
-0.036400,0.003400,-0.011000,0.005300,-0.023600,0.00110,0.036800,2018-02-28
-0.023500,0.036100,-0.002100,-0.004100,0.000800,0.00120,-0.012000,2018-03-29
0.002900,0.008900,0.005300,-0.024200,0.012400,0.00140,0.004500,2018-04-30
0.026300,0.047100,-0.031400,-0.019800,-0.014900,0.00140,0.039100,2018-05-31
0.004900,0.007700,-0.023300,0.008300,0.002000,0.00140,-0.022600,2018-06-29
0.032000,-0.019300,0.004900,0.015300,0.003100,0.00160,-0.014300,2018-07-31
0.034600,0.006500,-0.039100,-0.002900,-0.025700,0.00160,0.053000,2018-08-31
0.000600,-0.024900,-0.016200,0.006500,0.013600,0.00150,-0.000800,2018-09-28
-0.076400,-0.043800,0.033800,0.010300,0.036000,0.00190,-0.020600,2018-10-31
0.017100,-0.008100,0.003600,-0.006100,0.004000,0.00180,-0.014000,2018-11-30
-0.095500,-0.028100,-0.019200,-0.000300,0.002400,0.00190,0.017600,2018-12-31
0.083600,0.029100,-0.003900,-0.007300,-0.016500,0.00210,-0.086200,2019-01-31
0.034200,0.017200,-0.026600,0.001600,-0.015400,0.00180,0.005000,2019-02-28
0.011000,-0.035200,-0.041400,0.008800,-0.009000,0.00190,0.022400,2019-03-29
0.039700,-0.011500,0.021300,0.016100,-0.021800,0.00210,-0.029100,2019-04-30
-0.069200,-0.015600,-0.024500,-0.004800,0.017600,0.00210,0.075500,2019-05-31
0.069200,0.003700,-0.006400,0.008900,-0.004200,0.00180,-0.022400,2019-06-28
0.012200,-0.018200,0.005000,-0.001300,0.003700,0.00190,0.029200,2019-07-31
-0.025500,-0.032500,-0.047700,0.005300,-0.006200,0.00160,0.075100,2019-08-30
0.014200,0.002900,0.067600,0.018200,0.033800,0.00180,-0.067400,2019-09-30
0.020700,0.002500,-0.019200,0.004300,-0.010300,0.00150,0.001300,2019-10-31
0.038700,0.003900,-0.020000,-0.016400,-0.011400,0.00120,-0.025400,2019-11-29
0.027600,0.009900,0.017300,0.000500,0.011900,0.00140,-0.022200,2019-12-31
-0.000900,-0.043700,-0.062200,-0.011900,-0.021900,0.00130,0.060200,2020-01-31
-0.081500,0.000800,-0.038200,-0.014300,-0.025300,0.00120,-0.002800,2020-02-28
-0.133500,-0.081800,-0.138300,-0.016100,0.011900,0.00120,0.082100,2020-03-31
0.135800,0.025700,-0.013400,0.027600,-0.010200,0.00000,-0.054800,2020-04-30
0.055900,0.019200,-0.050000,0.009600,-0.031600,0.00010,0.001600,2020-05-29
0.024400,0.019500,-0.021700,0.001400,0.005500,0.00010,-0.008300,2020-06-30
0.058300,-0.031900,-0.014400,0.003800,0.009700,0.00010,0.077100,2020-07-31
0.076200,-0.008900,-0.030200,0.042700,-0.015100,0.00010,0.004600,2020-08-31
-0.036400,-0.000100,-0.027200,-0.013800,-0.019300,0.00010,0.031900,2020-09-30
-0.020800,0.046700,0.042500,-0.007700,-0.005700,0.00010,-0.031400,2020-10-30
0.124400,0.071200,0.020900,-0.022500,0.012800,0.00010,-0.125500,2020-11-30
0.046300,0.049300,-0.016800,-0.019700,-0.000600,0.00010,-0.023700,2020-12-31
-0.000700,0.068100,0.032200,-0.036500,0.049700,0.00000,0.043100,2021-01-29
0.028100,0.045000,0.072000,0.003300,-0.019900,0.00000,-0.079000,2021-02-26
0.031600,-0.008400,0.073500,0.063500,0.035200,0.00000,-0.061100,2021-03-31
0.049700,-0.031600,-0.010200,0.024300,-0.027200,0.00000,0.012300,2021-04-30
0.002900,0.012700,0.070400,0.023400,0.030100,0.00000,0.005600,2021-05-28
0.027300,-0.003000,-0.078600,-0.021400,-0.009300,0.00000,0.020700,2021-06-30
0.013400,-0.045500,-0.017900,0.055000,-0.005900,0.00000,-0.021800,2021-07-30
0.029500,-0.006600,-0.002300,-0.002600,-0.017200,0.00000,0.026300,2021-08-31
-0.044000,0.011200,0.051200,-0.019200,0.020000,0.00000,0.013900,2021-09-30
0.066300,-0.027000,-0.005300,0.017100,-0.015400,0.00000,0.033200,2021-10-29
-0.015800,-0.017000,-0.003700,0.071900,0.017000,0.00000,0.009600,2021-11-30
0.032400,-0.007800,0.032600,0.048800,0.042900,0.00010,-0.023900,2021-12-31
-0.061500,-0.040100,0.128600,0.007700,0.077300,0.00000,-0.024200,2022-01-31
-0.022800,0.028600,0.030600,-0.020300,0.030300,0.00000,0.016600,2022-02-28
0.030800,-0.021100,-0.019000,-0.015000,0.032100,0.00000,0.029400,2022-03-31
-0.094100,-0.003500,0.061800,0.034100,0.059200,0.00000,0.050000,2022-04-29
-0.003300,-0.000300,0.084400,0.015500,0.039500,0.00030,0.025400,2022-05-31
-0.084000,0.013300,-0.060000,0.017600,-0.045800,0.00060,0.010900,2022-06-30
0.095700,0.017800,-0.041500,0.007700,-0.068500,0.00080,-0.043600,2022-07-29
-0.037700,0.014900,0.001800,-0.047800,0.013200,0.00190,0.018500,2022-08-31
-0.093400,-0.009700,0.000300,-0.013700,-0.007700,0.00190,0.036700,2022-09-30
0.078600,0.018100,0.079700,0.032700,0.064300,0.00230,0.039000,2022-10-31
0.046900,-0.027500,0.014800,0.063000,0.031500,0.00290,-0.017000,2022-11-30
-0.063800,-0.001900,0.013400,0.003200,0.042800,0.00330,0.049100,2022-12-30
0.065900,0.043900,-0.039400,-0.024200,-0.044300,0.00350,-0.161700,2023-01-31
-0.025700,0.005800,-0.008000,0.009700,-0.015100,0.00340,0.005500,2023-02-28
0.024900,-0.068900,-0.090500,0.022700,-0.021000,0.00360,-0.023500,2023-03-31
0.006300,-0.025700,-0.001200,0.024200,0.028500,0.00350,0.017600,2023-04-28
0.003300,-0.004300,-0.077900,-0.017800,-0.070800,0.00360,-0.008800,2023-05-31
0.064600,0.012800,-0.001300,0.023200,-0.015400,0.00400,-0.026900,2023-06-30
0.032100,0.028600,0.040600,-0.006000,0.006600,0.00450,-0.040600,2023-07-31
-0.023600,-0.036500,-0.011500,0.033900,-0.024100,0.00450,0.037800,2023-08-31
-0.052300,-0.017800,0.014900,0.018800,-0.007700,0.00430,0.003300,2023-09-29
-0.031500,-0.040300,0.002000,0.024300,-0.006900,0.00470,0.016700,2023-10-31
0.088800,-0.002100,0.016700,-0.037300,-0.010800,0.00440,0.025600,2023-11-30
0.048600,0.072600,0.048900,-0.030000,0.012900,0.00430,-0.055300,2023-12-29
0.007300,-0.057100,-0.023800,0.007100,-0.009700,0.00470,0.054200,2024-01-31
0.050700,-0.008000,-0.034300,-0.018900,-0.021700,0.00420,0.049000,2024-02-29
0.028400,-0.011900,0.041600,0.014700,0.011400,0.00430,-0.003200,2024-03-28
-0.046500,-0.025400,-0.004500,0.015000,-0.003100,0.00470,-0.004300,2024-04-30
0.043200,0.006000,-0.013100,0.031700,-0.028500,0.00440,-0.001600,2024-05-31
0.028000,-0.043300,-0.033600,0.004700,-0.018000,0.00410,0.008500,2024-06-28
0.012200,0.083400,0.056200,0.002700,0.002800,0.00450,-0.023500,2024-07-31
0.016100,-0.035500,-0.011000,0.007500,0.008200,0.00480,0.048100,2024-08-30
0.017300,-0.009200,-0.027700,0.001800,-0.002900,0.00400,-0.006200,2024-09-30
-0.010000,-0.008800,0.008600,-0.014200,0.009800,0.00390,0.030000,2024-10-31
0.064900,0.046000,0.001500,-0.023000,-0.020500,0.00400,0.010000,2024-11-29
-0.031500,-0.038300,-0.030000,0.019000,-0.012100,0.00370,-0.003000,2024-12-31
